-- phpMyAdmin SQL Dump
-- version 3.2.2.1
-- http://www.phpmyadmin.net
--
-- Host: localhost
-- Generation Time: Aug 08, 2010 at 04:27 PM
-- Server version: 5.0.89
-- PHP Version: 5.2.12

SET SQL_MODE="NO_AUTO_VALUE_ON_ZERO";


/*!40101 SET @OLD_CHARACTER_SET_CLIENT=@@CHARACTER_SET_CLIENT */;
/*!40101 SET @OLD_CHARACTER_SET_RESULTS=@@CHARACTER_SET_RESULTS */;
/*!40101 SET @OLD_COLLATION_CONNECTION=@@COLLATION_CONNECTION */;
/*!40101 SET NAMES utf8 */;

--
-- Database: `adis
--
CREATE DATABASE `adis` DEFAULT CHARACTER SET utf8 COLLATE utf8_general_ci;
USE `adis`;

-- --------------------------------------------------------

--
-- Table structure for table `bannery`
--

CREATE TABLE IF NOT EXISTS `bannery` (
  `id` int(11) NOT NULL auto_increment,
  `user` int(11) NOT NULL,
  `velkost` int(11) NOT NULL,
  `path` varchar(50) collate utf8_slovak_ci NOT NULL,
  PRIMARY KEY  (`id`)
) ENGINE=MyISAM  DEFAULT CHARSET=utf8 COLLATE=utf8_slovak_ci AUTO_INCREMENT=15 ;

--
-- Dumping data for table `bannery`
--

INSERT INTO `bannery` (`id`, `user`, `velkost`, `path`) VALUES
(5, 3, 19, 'kkkk_200x200_banner.png'),
(2, 2, 4, 'jjjj_336x280_largerect.jpg'),
(3, 2, 11, 'jjjj_120x90_button1.jpg'),
(4, 2, 13, 'jjjj_120x240_verticalbanner.jpg'),
(6, 3, 14, 'kkkk_125x125_squarebutt.jpg'),
(13, 3, 13, 'kkkk_120x240_verticalbanner2.png'),
(8, 2, 19, 'jjjj_200x200_obrazocok.gif'),
(9, 5, 19, 'llll_200x200_picturozo.png'),
(10, 6, 19, 'mmmm_200x200_untitled.gif'),
(11, 7, 19, 'nnnn_200x200_obrazok.jpeg'),
(12, 7, 11, 'nnnn_120x90_button1.jpg'),
(14, 5, 13, 'llll_120x240_verticalbanner2.jpg');

-- --------------------------------------------------------

--
-- Table structure for table `kategoria_banner`
--

CREATE TABLE IF NOT EXISTS `kategoria_banner` (
  `id` int(11) NOT NULL auto_increment,
  `kategoria` int(11) NOT NULL,
  `banner` int(11) NOT NULL,
  PRIMARY KEY  (`id`)
) ENGINE=MyISAM  DEFAULT CHARSET=utf8 COLLATE=utf8_slovak_ci AUTO_INCREMENT=63 ;

--
-- Dumping data for table `kategoria_banner`
--

INSERT INTO `kategoria_banner` (`id`, `kategoria`, `banner`) VALUES
(15, 20, 5),
(14, 11, 5),
(13, 6, 5),
(4, 17, 2),
(5, 16, 2),
(6, 14, 2),
(7, 9, 2),
(8, 21, 2),
(9, 6, 3),
(61, 8, 4),
(60, 16, 4),
(59, 17, 4),
(16, 6, 6),
(17, 20, 6),
(18, 16, 6),
(19, 10, 6),
(50, 12, 13),
(49, 5, 13),
(48, 17, 13),
(47, 13, 13),
(24, 6, 8),
(25, 20, 8),
(26, 7, 8),
(30, 5, 9),
(29, 20, 9),
(31, 9, 9),
(32, 20, 10),
(33, 5, 10),
(34, 14, 10),
(35, 8, 10),
(36, 15, 10),
(44, 21, 11),
(43, 10, 11),
(42, 20, 11),
(40, 6, 12),
(41, 21, 12),
(45, 8, 11),
(46, 7, 11),
(51, 3, 13),
(52, 4, 13),
(53, 7, 13),
(54, 19, 14),
(55, 17, 14),
(56, 21, 14),
(57, 3, 14),
(58, 7, 14),
(62, 7, 4);

-- --------------------------------------------------------

--
-- Table structure for table `kategoria_reklama`
--

CREATE TABLE IF NOT EXISTS `kategoria_reklama` (
  `id` int(11) NOT NULL auto_increment,
  `kategoria` int(11) NOT NULL,
  `reklama` int(11) NOT NULL,
  PRIMARY KEY  (`id`)
) ENGINE=MyISAM  DEFAULT CHARSET=utf8 COLLATE=utf8_slovak_ci AUTO_INCREMENT=28 ;

--
-- Dumping data for table `kategoria_reklama`
--

INSERT INTO `kategoria_reklama` (`id`, `kategoria`, `reklama`) VALUES
(1, 6, 1),
(2, 11, 1),
(3, 20, 1),
(19, 7, 4),
(18, 15, 4),
(17, 5, 4),
(16, 20, 4),
(15, 6, 4),
(11, 9, 3),
(12, 18, 3),
(13, 8, 3),
(14, 15, 3),
(20, 6, 5),
(21, 11, 5),
(22, 20, 5),
(23, 19, 5),
(24, 13, 5),
(25, 17, 5),
(26, 5, 5),
(27, 16, 5);

-- --------------------------------------------------------

--
-- Table structure for table `kategorie`
--

CREATE TABLE IF NOT EXISTS `kategorie` (
  `id` int(11) NOT NULL auto_increment,
  `nazov` varchar(100) collate utf8_slovak_ci NOT NULL,
  PRIMARY KEY  (`id`)
) ENGINE=MyISAM  DEFAULT CHARSET=utf8 COLLATE=utf8_slovak_ci AUTO_INCREMENT=22 ;

--
-- Dumping data for table `kategorie`
--

INSERT INTO `kategorie` (`id`, `nazov`) VALUES
(1, 'Stavba, dom, záhrada'),
(2, 'Oblečenie a módne doplnky'),
(3, 'Šport'),
(4, 'Zábava, voľný čas'),
(5, 'Kozmetika a kaderníctvo'),
(6, 'Domáce potreby'),
(7, 'Zvieratá'),
(8, 'Výpočtová technika'),
(9, 'Služby'),
(10, 'Literatúra a tlač'),
(11, 'Doprava a cestovanie'),
(12, 'Priemysel'),
(13, 'Jedlo a stravovanie'),
(14, 'Servis'),
(15, 'Vzdelávanie'),
(16, 'Kultúra a umenie'),
(17, 'Kancelárske potreby'),
(18, 'Veda a technika'),
(19, 'Financie a trh'),
(20, 'Ekológia'),
(21, 'Spoločnosť');

-- --------------------------------------------------------

--
-- Table structure for table `kliky`
--

CREATE TABLE IF NOT EXISTS `kliky` (
  `id` int(11) NOT NULL auto_increment,
  `cas` datetime NOT NULL,
  `zobra` int(11) NOT NULL,
  `inzer` int(11) NOT NULL,
  `reklama` int(11) NOT NULL,
  `banner` int(11) NOT NULL,
  PRIMARY KEY  (`id`)
) ENGINE=MyISAM  DEFAULT CHARSET=utf8 COLLATE=utf8_slovak_ci AUTO_INCREMENT=169 ;

--
-- Dumping data for table `kliky`
--

INSERT INTO `kliky` (`id`, `cas`, `zobra`, `inzer`, `reklama`, `banner`) VALUES
(1, '2010-04-13 01:49:55', 4, 2, 1, 8),
(2, '2010-04-13 01:54:29', 4, 3, 1, 5),
(3, '2010-04-13 02:01:33', 4, 3, 1, 5),
(4, '2010-04-16 14:45:41', 4, 6, 1, 10),
(5, '2010-04-16 14:46:13', 4, 5, 1, 9),
(6, '2010-04-16 14:49:02', 4, 2, 1, 8),
(7, '2010-04-16 15:07:41', 4, 3, 1, 5),
(8, '2010-04-16 15:47:30', 4, 5, 1, 9),
(9, '2010-04-16 15:48:00', 4, 6, 1, 10),
(10, '2010-04-16 15:57:03', 4, 7, 1, 11),
(11, '2010-04-16 15:58:54', 4, 3, 1, 5),
(12, '2010-04-16 16:34:11', 4, 6, 1, 10),
(13, '2010-04-16 17:47:17', 4, 5, 1, 9),
(14, '2010-04-16 17:47:49', 4, 2, 1, 8),
(15, '2010-04-16 17:48:20', 4, 5, 1, 9),
(16, '2010-04-16 17:50:11', 4, 6, 1, 10),
(17, '2010-04-16 17:50:47', 4, 7, 1, 11),
(18, '2010-04-16 17:51:30', 4, 2, 1, 8),
(19, '2010-04-16 17:53:12', 4, 7, 1, 11),
(20, '2010-04-16 18:37:27', 4, 6, 1, 10),
(21, '2010-04-16 18:38:20', 4, 6, 1, 10),
(22, '2010-04-16 18:39:07', 4, 7, 1, 11),
(23, '2010-04-16 19:06:28', 4, 2, 1, 8),
(24, '2010-04-22 09:38:17', 4, 2, 1, 8),
(25, '2010-04-22 09:43:29', 4, 7, 1, 11),
(26, '2010-04-23 16:16:49', 4, 6, 1, 10),
(27, '2010-04-23 16:21:57', 8, 6, 5, 10),
(28, '2010-04-23 16:22:46', 4, 5, 1, 9),
(29, '2010-04-23 16:23:45', 4, 7, 1, 11),
(30, '2010-04-23 16:24:27', 8, 3, 5, 5),
(31, '2010-04-23 16:27:46', 8, 5, 5, 9),
(32, '2010-04-25 14:07:40', 8, 3, 5, 5),
(33, '2010-04-27 18:39:38', 4, 7, 1, 11),
(34, '2010-04-27 18:40:14', 8, 3, 5, 5),
(35, '2010-04-27 18:40:56', 4, 5, 1, 9),
(36, '2010-04-27 18:42:16', 8, 6, 5, 10),
(37, '2010-04-28 13:30:31', 8, 7, 5, 11),
(38, '2010-04-28 13:32:01', 4, 2, 1, 8),
(39, '2010-04-28 13:32:52', 8, 5, 5, 9),
(40, '2010-04-28 13:33:40', 4, 6, 1, 10),
(41, '2010-04-28 13:34:17', 4, 3, 1, 5),
(42, '2010-04-28 16:22:35', 4, 2, 1, 8),
(43, '2010-04-28 16:23:59', 8, 6, 5, 10),
(44, '2010-04-29 21:46:50', 4, 2, 1, 8),
(45, '2010-04-29 21:48:09', 8, 3, 5, 5),
(46, '2010-04-29 21:50:01', 8, 7, 5, 11),
(47, '2010-04-29 21:52:32', 8, 5, 5, 9),
(48, '2010-04-29 23:09:26', 8, 2, 5, 8),
(49, '2010-05-02 13:21:58', 4, 5, 1, 9),
(50, '2010-05-02 13:22:39', 8, 2, 5, 8),
(51, '2010-05-02 13:23:47', 8, 6, 5, 10),
(52, '2010-05-03 15:28:03', 8, 7, 5, 11),
(53, '2010-05-03 15:28:37', 8, 2, 5, 8),
(54, '2010-05-03 23:29:51', 4, 7, 1, 11),
(55, '2010-05-03 23:30:30', 8, 3, 5, 5),
(56, '2010-05-04 11:32:33', 4, 6, 1, 10),
(57, '2010-05-04 16:20:29', 8, 7, 5, 11),
(58, '2010-05-04 16:21:23', 8, 5, 5, 9),
(59, '2010-05-05 13:27:05', 8, 3, 5, 5),
(60, '2010-05-05 13:27:51', 4, 7, 1, 11),
(61, '2010-05-05 13:28:36', 8, 2, 5, 8),
(62, '2010-05-05 13:30:03', 4, 6, 1, 10),
(63, '2010-05-08 22:14:39', 4, 7, 1, 11),
(64, '2010-05-08 22:15:13', 8, 2, 5, 8),
(65, '2010-05-08 22:16:50', 4, 3, 1, 5),
(66, '2010-05-09 11:49:50', 8, 2, 5, 8),
(67, '2010-05-12 01:07:03', 8, 6, 5, 10),
(68, '2010-05-15 19:05:43', 4, 3, 1, 5),
(69, '2010-05-15 19:06:14', 8, 5, 5, 9),
(70, '2010-05-19 00:19:08', 4, 2, 1, 8),
(71, '2010-05-20 20:41:09', 8, 6, 5, 10),
(72, '2010-05-24 13:17:41', 8, 7, 5, 11),
(73, '2010-05-24 13:18:31', 4, 5, 1, 9),
(74, '2010-05-24 16:50:47', 4, 2, 1, 8),
(75, '2010-05-28 22:21:48', 4, 5, 1, 9),
(76, '2010-05-28 22:34:24', 8, 5, 5, 9),
(77, '2010-05-31 19:01:57', 8, 2, 5, 8),
(78, '2010-06-03 00:20:21', 4, 6, 1, 10),
(79, '2010-06-03 00:21:05', 8, 3, 5, 5),
(80, '2010-06-03 15:04:35', 4, 2, 1, 8),
(81, '2010-06-03 15:06:05', 8, 2, 5, 8),
(82, '2010-06-03 15:06:39', 4, 7, 1, 11),
(83, '2010-06-03 15:07:38', 8, 6, 5, 10),
(84, '2010-06-03 15:08:48', 4, 3, 1, 5),
(85, '2010-06-03 15:09:26', 8, 5, 5, 9),
(86, '2010-06-03 15:10:01', 4, 7, 1, 11),
(87, '2010-06-03 15:10:57', 8, 7, 5, 11),
(88, '2010-06-03 15:11:29', 8, 6, 5, 10),
(89, '2010-06-03 15:12:02', 8, 6, 5, 10),
(90, '2010-06-03 15:12:38', 4, 3, 1, 5),
(91, '2010-06-03 15:15:25', 8, 3, 5, 5),
(92, '2010-06-08 21:09:48', 4, 5, 1, 9),
(93, '2010-06-08 21:10:59', 8, 3, 5, 5),
(94, '2010-06-08 22:04:09', 4, 5, 4, 14),
(95, '2010-06-10 15:26:17', 4, 5, 1, 9),
(96, '2010-06-10 15:26:53', 8, 7, 5, 11),
(97, '2010-06-10 15:27:30', 4, 3, 4, 13),
(98, '2010-06-13 13:51:50', 4, 5, 1, 9),
(99, '2010-06-13 13:52:28', 8, 6, 5, 10),
(100, '2010-06-13 13:52:58', 4, 3, 4, 13),
(101, '2010-06-16 21:24:46', 4, 3, 4, 13),
(102, '2010-06-16 21:25:20', 4, 7, 1, 11),
(103, '2010-06-20 19:56:00', 4, 6, 1, 10),
(104, '2010-06-20 19:56:34', 8, 2, 5, 8),
(105, '2010-06-20 19:58:05', 4, 2, 4, 4),
(106, '2010-06-22 10:36:01', 4, 3, 4, 13),
(107, '2010-06-22 10:36:44', 8, 7, 5, 11),
(108, '2010-06-22 10:37:32', 4, 6, 1, 10),
(109, '2010-06-22 20:50:19', 4, 5, 1, 9),
(110, '2010-06-22 20:50:57', 8, 3, 5, 5),
(111, '2010-06-22 20:51:28', 4, 5, 4, 14),
(112, '2010-06-23 20:28:49', 4, 7, 1, 11),
(113, '2010-06-23 20:30:05', 4, 3, 4, 13),
(114, '2010-06-23 20:30:37', 8, 2, 5, 8),
(115, '2010-06-23 21:27:37', 4, 2, 4, 4),
(116, '2010-06-27 15:48:06', 4, 5, 1, 9),
(117, '2010-06-27 15:48:41', 8, 2, 5, 8),
(118, '2010-06-27 15:49:27', 4, 3, 4, 13),
(119, '2010-06-28 13:22:04', 4, 6, 1, 10),
(120, '2010-06-28 13:22:36', 8, 5, 5, 9),
(121, '2010-06-28 13:23:07', 4, 5, 4, 14),
(122, '2010-07-01 19:28:20', 4, 5, 1, 9),
(123, '2010-07-01 19:29:03', 8, 6, 5, 10),
(124, '2010-07-01 19:29:33', 4, 3, 4, 13),
(125, '2010-07-05 01:24:10', 4, 6, 1, 10),
(126, '2010-07-05 01:27:18', 8, 3, 5, 5),
(127, '2010-07-05 01:27:48', 4, 2, 4, 4),
(128, '2010-07-05 17:45:59', 4, 2, 1, 8),
(129, '2010-07-05 17:49:37', 4, 5, 4, 14),
(130, '2010-07-05 17:50:09', 8, 5, 5, 9),
(131, '2010-07-05 17:51:04', 8, 7, 5, 11),
(132, '2010-07-06 15:01:55', 4, 2, 1, 8),
(133, '2010-07-06 15:02:52', 8, 7, 5, 11),
(134, '2010-07-06 15:05:19', 4, 3, 4, 13),
(135, '2010-07-06 15:06:21', 4, 2, 4, 4),
(136, '2010-07-06 15:07:06', 4, 2, 4, 4),
(137, '2010-07-10 01:41:22', 4, 6, 1, 10),
(138, '2010-07-10 01:41:52', 8, 5, 5, 9),
(139, '2010-07-10 01:42:29', 4, 6, 1, 10),
(140, '2010-07-10 01:43:04', 4, 2, 4, 4),
(141, '2010-07-10 01:44:41', 4, 3, 1, 5),
(142, '2010-07-10 01:45:16', 4, 7, 1, 11),
(143, '2010-07-10 01:46:09', 4, 2, 1, 8),
(144, '2010-07-10 01:46:45', 8, 3, 5, 5),
(145, '2010-07-14 20:27:13', 4, 2, 1, 8),
(146, '2010-07-14 20:30:29', 8, 7, 5, 11),
(147, '2010-07-14 20:31:06', 4, 3, 4, 13),
(148, '2010-07-20 15:13:24', 4, 7, 1, 11),
(149, '2010-07-20 15:16:25', 8, 6, 5, 10),
(150, '2010-07-20 15:21:28', 4, 5, 4, 14),
(151, '2010-07-23 21:12:42', 4, 3, 1, 5),
(152, '2010-07-23 21:36:23', 8, 6, 5, 10),
(153, '2010-07-23 21:39:57', 4, 5, 4, 14),
(154, '2010-07-24 16:29:20', 4, 2, 1, 8),
(155, '2010-07-24 16:31:25', 8, 6, 5, 10),
(156, '2010-07-24 16:32:23', 4, 2, 4, 4),
(157, '2010-07-25 19:21:41', 4, 3, 1, 5),
(158, '2010-07-25 19:22:59', 8, 7, 5, 11),
(159, '2010-07-25 19:24:43', 4, 5, 4, 14),
(160, '2010-07-30 00:51:33', 4, 3, 1, 5),
(161, '2010-07-30 00:52:25', 8, 7, 5, 11),
(162, '2010-07-30 00:53:56', 4, 3, 4, 13),
(163, '2010-08-01 13:09:57', 4, 6, 1, 10),
(164, '2010-08-01 13:19:29', 8, 3, 5, 5),
(165, '2010-08-01 13:27:36', 4, 3, 4, 13),
(166, '2010-08-07 12:36:47', 4, 3, 1, 5),
(167, '2010-08-07 12:37:44', 8, 7, 5, 11),
(168, '2010-08-07 12:39:32', 4, 2, 4, 4);

-- --------------------------------------------------------

--
-- Table structure for table `reklamy`
--

CREATE TABLE IF NOT EXISTS `reklamy` (
  `id` int(11) NOT NULL auto_increment,
  `user` int(11) NOT NULL,
  `velkost` int(11) NOT NULL,
  `meno` varchar(50) collate utf8_slovak_ci NOT NULL,
  PRIMARY KEY  (`id`)
) ENGINE=MyISAM  DEFAULT CHARSET=utf8 COLLATE=utf8_slovak_ci AUTO_INCREMENT=6 ;

--
-- Dumping data for table `reklamy`
--

INSERT INTO `reklamy` (`id`, `user`, `velkost`, `meno`) VALUES
(1, 4, 19, 'mala v menu reklama'),
(4, 4, 13, 'spodok stranky'),
(3, 4, 16, 'forum vpravo'),
(5, 8, 19, 'ypsilonova reklama');

-- --------------------------------------------------------

--
-- Table structure for table `users`
--

CREATE TABLE IF NOT EXISTS `users` (
  `id` int(11) NOT NULL auto_increment,
  `login` varchar(10) collate utf8_slovak_ci NOT NULL,
  `heslo` varchar(50) collate utf8_slovak_ci NOT NULL,
  `web` varchar(100) collate utf8_slovak_ci NOT NULL,
  `kategoria` varchar(5) collate utf8_slovak_ci NOT NULL,
  PRIMARY KEY  (`id`),
  UNIQUE KEY `login` (`login`)
) ENGINE=MyISAM  DEFAULT CHARSET=utf8 COLLATE=utf8_slovak_ci AUTO_INCREMENT=9 ;

--
-- Dumping data for table `users`
--

INSERT INTO `users` (`id`, `login`, `heslo`, `web`, `kategoria`) VALUES
(1, 'admin', '21232f297a57a5a743894a0e4a801fc3', '', 'admin'),
(2, 'jjjj', '3b6281fa2ce2b6c20669490ef4b026a4', 'http://www.jjjj.sk', 'inzer'),
(3, 'kkkk', 'fa7f08233358e9b466effa1328168527', 'http://www.kkkk.sk', 'inzer'),
(4, 'xxxx', 'ea416ed0759d46a8de58f63a59077499', 'http://www.xxxx.sk', 'zobra'),
(5, 'llll', '562b530cff1f5bca3b1a4c1ad4ad9962', 'http://www.llll.org', 'inzer'),
(6, 'mmmm', '9de37a0627c25684fdd519ca84073e34', 'http://www.mmmm.sk', 'inzer'),
(7, 'nnnn', 'f7c0e071db137f5ae65382041c7cef4b', 'http://www.nnnn.sk', 'inzer'),
(8, 'yyyy', '71ca9079d08bfa85e1e803427d25205a', 'http://www.yyyy.sk', 'zobra');

-- --------------------------------------------------------

--
-- Table structure for table `velkosti`
--

CREATE TABLE IF NOT EXISTS `velkosti` (
  `id` int(11) NOT NULL auto_increment,
  `sirka` int(3) NOT NULL,
  `vyska` int(3) NOT NULL,
  `nazov` varchar(20) collate utf8_slovak_ci NOT NULL,
  PRIMARY KEY  (`id`)
) ENGINE=MyISAM  DEFAULT CHARSET=utf8 COLLATE=utf8_slovak_ci AUTO_INCREMENT=20 ;

--
-- Dumping data for table `velkosti`
--

INSERT INTO `velkosti` (`id`, `sirka`, `vyska`, `nazov`) VALUES
(1, 300, 250, 'Medium Rectangle'),
(2, 250, 250, 'Square Pop-Up'),
(3, 240, 400, 'Vertical Rectangle'),
(4, 336, 280, 'Large Rectangle'),
(5, 180, 150, 'Rectangle'),
(6, 300, 100, '3:1 Rectangle'),
(7, 720, 300, 'Pop-Under'),
(8, 468, 60, 'Full banner'),
(9, 234, 60, 'Half banner'),
(10, 88, 31, 'Micro bar'),
(11, 120, 90, 'Button 1'),
(12, 120, 60, 'Button 2'),
(13, 120, 240, 'Vertical banner'),
(14, 125, 125, 'Square button'),
(15, 728, 90, 'Leaderboard'),
(16, 160, 600, 'Wide skyscraper'),
(17, 120, 600, 'Skyscraper'),
(18, 300, 600, 'Half page ad'),
(19, 200, 200, 'adis');
